{
    "plane_num_0": {
        "moible_way_num_0": {
            "mobile_data_num_0": [
                1.8838649313500913, 
                0.9046481231497359, 
                0.0, 
                0.0, 
                0.0, 
                1.3537598166240303
            ], 
            "mobile_data_num_1": [
                1.2979410007358085, 
                1.0338500872737733, 
                0.0, 
                0.0, 
                0.0, 
                1.3537598166240303
            ], 
            "mobile_data_num_2": [
                0.7120170701215256, 
                1.1630520513978106, 
                0.0, 
                0.0, 
                0.0, 
                1.3537598166240303
            ], 
            "mobile_data_num_3": [
                0.1260931395072427, 
                1.292254015521848, 
                0.0, 
                0.0, 
                0.0, 
                1.3537598166240303
            ], 
            "mobile_data_num_4": [
                -0.45983079110703984, 
                1.4214559796458852, 
                0.0, 
                0.0, 
                0.0, 
                1.3537598166240303
            ], 
            "mobile_data_num_5": [
                -1.0457547217213228, 
                1.5506579437699226, 
                0.0, 
                0.0, 
                0.0, 
                1.3537598166240303
            ], 
            "mobile_data_num_6": [
                -1.631678652335606, 
                1.67985990789396, 
                0.0, 
                0.0, 
                0.0, 
                1.3537598166240303
            ], 
            "mobile_data_num_7": [
                -2.2176025829498887, 
                1.8090618720179972, 
                0.0, 
                0.0, 
                0.0, 
                1.3537598166240303
            ]
        }
    }, 
    "plane_num_1": {
        "moible_way_num_1": {
            "mobile_data_num_0": [
                -1.9246, 
                1.7445, 
                0.0, 
                0.0, 
                0.0, 
                1.3538
            ], 
            "mobile_data_num_1": [
                -1.9246, 
                1.7445, 
                0.0, 
                0.0, 
                0.0, 
                2.9219
            ]
        }
    }, 
    "plane_num_2": {
        "moible_way_num_2": {
            "mobile_data_num_0": [
                -1.5673331660956795, 
                2.772774390020863, 
                0.0, 
                0.0, 
                0.0, 
                2.921908618914288
            ], 
            "mobile_data_num_1": [
                -1.6871898604367837, 
                2.235992895535795, 
                0.0, 
                0.0, 
                0.0, 
                2.921908618914288
            ], 
            "mobile_data_num_2": [
                -1.8179426178998066, 
                1.6504130833702662, 
                0.0, 
                0.0, 
                0.0, 
                2.921908618914288
            ], 
            "mobile_data_num_3": [
                -1.9486953753628293, 
                1.0648332712047373, 
                0.0, 
                0.0, 
                0.0, 
                2.921908618914288
            ], 
            "mobile_data_num_4": [
                -2.0794481328258523, 
                0.4792534590392089, 
                0.0, 
                0.0, 
                0.0, 
                2.921908618914288
            ], 
            "mobile_data_num_5": [
                -2.210200890288875, 
                -0.10632635312631994, 
                0.0, 
                0.0, 
                0.0, 
                2.921908618914288
            ], 
            "mobile_data_num_6": [
                -2.3409536477518977, 
                -0.6919061652918488, 
                0.0, 
                0.0, 
                0.0, 
                2.921908618914288
            ], 
            "mobile_data_num_7": [
                -2.4717064052149205, 
                -1.2774859774573775, 
                0.0, 
                0.0, 
                0.0, 
                2.921908618914288
            ], 
            "mobile_data_num_8": [
                -2.602459162677943, 
                -1.863065789622906, 
                0.0, 
                0.0, 
                0.0, 
                2.921908618914288
            ], 
            "mobile_data_num_9": [
                -2.638522143905348, 
                -2.024574840621275, 
                0.0, 
                0.0, 
                0.0, 
                2.921908618914288
            ]
        }
    }, 
    "plane_num_3": {
        "moible_way_num_3": {
            "mobile_data_num_0": [
                -2.8464, 
                -0.8329, 
                0.0, 
                0.0, 
                0.0, 
                2.9219
            ], 
            "mobile_data_num_1": [
                -2.8464, 
                -0.8329, 
                0.0, 
                0.0, 
                0.0, 
                -1.7768
            ]
        }
    }, 
    "plane_num_4": {
        "moible_way_num_4": {
            "mobile_data_num_0": [
                -3.4782779787225144, 
                -0.6956955135516578, 
                0.0, 
                0.0, 
                0.0, 
                -1.7767652025757377
            ]
        }
    }, 
    "plane_num_5": {
        "moible_way_num_5": {
            "mobile_data_num_0": [
                1.3500217724847736, 
                -1.7554969192012508, 
                0.0, 
                0.0, 
                0.0, 
                -1.7878483499885025
            ], 
            "mobile_data_num_1": [
                0.7640998462540005, 
                -1.6262858656415011, 
                0.0, 
                0.0, 
                0.0, 
                -1.7878483499885025
            ], 
            "mobile_data_num_2": [
                0.1781779200232276, 
                -1.4970748120817516, 
                0.0, 
                0.0, 
                0.0, 
                -1.7878483499885025
            ], 
            "mobile_data_num_3": [
                -0.4077440062075455, 
                -1.367863758522002, 
                0.0, 
                0.0, 
                0.0, 
                -1.7878483499885025
            ], 
            "mobile_data_num_4": [
                -0.9936659324383181, 
                -1.2386527049622522, 
                0.0, 
                0.0, 
                0.0, 
                -1.7878483499885025
            ], 
            "mobile_data_num_5": [
                -1.579587858669091, 
                -1.1094416514025025, 
                0.0, 
                0.0, 
                0.0, 
                -1.7878483499885025
            ], 
            "mobile_data_num_6": [
                -2.1655097848998643, 
                -0.9802305978427528, 
                0.0, 
                0.0, 
                0.0, 
                -1.7878483499885025
            ]
        }
    }
}