{
    "plane_num_1": {
        "current_mobile_way_aubojoint_num_0": {
            "aubo_planning_voxel_num_0": {
                "aubo_data_num_0": [
                    2.1243450642703614, 
                    1.8079275473630325, 
                    1.3156054872137242, 
                    -0.49232206014930835, 
                    -0.5535487374754648, 
                    -1.5707963267948966
                ], 
                "aubo_data_num_1": [
                    0.5904018132813622, 
                    -0.1707929160738635, 
                    1.8589329166862285, 
                    2.029725832760093, 
                    0.9803945135135343, 
                    -1.5707963267948966
                ], 
                "aubo_data_num_2": [
                    0.24310331810284147, 
                    -0.6250687503322556, 
                    2.1100013965825113, 
                    2.7350701469147687, 
                    1.327693008692055, 
                    -1.5707963267948966
                ], 
                "aubo_data_num_3": [
                    -0.6002777114026703, 
                    -0.8847939429875673, 
                    1.4983783277468792, 
                    2.3831722707344465, 
                    2.171074038197567, 
                    -1.5707963267948966
                ], 
                "aubo_data_num_4": [
                    -0.6002777114026703, 
                    -1.399130399666971, 
                    1.266428972658729, 
                    2.665559372325699, 
                    2.171074038197567, 
                    -1.5707963267948966
                ], 
                "aubo_data_num_5": [
                    0.11708153196441806, 
                    -3.0305530580215603, 
                    -1.8441170872005141, 
                    1.1864359708210461, 
                    1.4537147948304785, 
                    -1.5707963267948966
                ], 
                "aubo_data_num_6": [
                    0.11708153196441895, 
                    -1.1124224086262515, 
                    -1.0381677316087954, 
                    0.07425467701745614, 
                    1.4537147948304776, 
                    1.5707963267948966
                ], 
                "aubo_data_num_7": [
                    2.1243450642703614, 
                    1.503910278485022, 
                    -1.1768050629749158, 
                    0.46087731212985616, 
                    0.5535487374754648, 
                    1.5707963267948966
                ], 
                "aubo_data_num_8": [
                    2.1243450642703614, 
                    0.5166682624606125, 
                    -1.1854726519983192, 
                    -1.7021409144589317, 
                    -0.5535487374754648, 
                    1.5707963267948966
                ], 
                "aubo_data_num_9": [
                    0.11708153196441895, 
                    -1.7442449239027358, 
                    -1.765790666376322, 
                    -0.021545742473586316, 
                    1.4537147948304776, 
                    1.5707963267948966
                ]
            }, 
            "aubo_planning_voxel_num_1": {
                "aubo_data_num_0": [
                    0.11708153196441895, 
                    -0.06127551995362257, 
                    1.313410549890385, 
                    -1.7669065837457856, 
                    -1.4537147948304776, 
                    -1.5707963267948966
                ], 
                "aubo_data_num_1": [
                    -0.6002777114026703, 
                    -0.5857419125070091, 
                    0.6020552388154865, 
                    -1.9537955022672975, 
                    -2.171074038197567, 
                    -1.5707963267948966
                ], 
                "aubo_data_num_2": [
                    -0.6002777114026703, 
                    -0.5591812522536781, 
                    1.3234458433039729, 
                    -1.258965558032143, 
                    -2.171074038197567, 
                    -1.5707963267948966
                ], 
                "aubo_data_num_3": [
                    0.11708153196441895, 
                    -0.14753435355188227, 
                    1.9015798085314142, 
                    -1.0924784915064958, 
                    -1.4537147948304776, 
                    -1.5707963267948966
                ], 
                "aubo_data_num_4": [
                    0.11708153196441895, 
                    -0.6452467732090401, 
                    2.090601765342477, 
                    -0.4057441150382761, 
                    -1.4537147948304776, 
                    -1.5707963267948966
                ], 
                "aubo_data_num_5": [
                    -0.6002777114026703, 
                    -0.893749064073643, 
                    1.4978227824336452, 
                    -0.750020807082505, 
                    -2.171074038197567, 
                    -1.5707963267948966
                ], 
                "aubo_data_num_6": [
                    -0.6002777114026703, 
                    -1.4105709427151982, 
                    1.2572941998468226, 
                    -0.4737275110277732, 
                    -2.171074038197567, 
                    -1.5707963267948966
                ], 
                "aubo_data_num_7": [
                    0.11708153196441895, 
                    -1.3067079152844228, 
                    1.8350906175133819, 
                    0.00020587920801151682, 
                    -1.4537147948304776, 
                    -1.5707963267948966
                ], 
                "aubo_data_num_8": [
                    0.24310331810284236, 
                    -1.930305035011095, 
                    1.1966514636704924, 
                    -0.01463615490820569, 
                    -1.3276930086920542, 
                    -1.5707963267948966
                ], 
                "aubo_data_num_9": [
                    -0.6002777114026703, 
                    -2.1558693292362, 
                    0.3134176953427259, 
                    -0.672305629010868, 
                    -2.171074038197567, 
                    -1.5707963267948966
                ]
            }
        }, 
        "current_mobile_way_aubojoint_num_9": {
            "aubo_planning_voxel_num_0": {
                "aubo_data_num_0": [
                    0.7472481175622665, 
                    -0.24688936138387607, 
                    1.7638337907554256, 
                    2.0107231521393025, 
                    0.8235482092326301, 
                    -1.5707963267948966
                ], 
                "aubo_data_num_1": [
                    1.0033940394716652, 
                    -0.5292558316924971, 
                    1.357065532394695, 
                    1.8863213640871912, 
                    0.5674022873232314, 
                    -1.5707963267948966
                ], 
                "aubo_data_num_2": [
                    1.0033940394716652, 
                    -0.8666548547477211, 
                    1.5387589282978649, 
                    2.405413783045585, 
                    0.5674022873232314, 
                    -1.5707963267948966
                ], 
                "aubo_data_num_3": [
                    0.7472481175622665, 
                    -0.6880622029258987, 
                    1.9518687487278754, 
                    2.639930951653774, 
                    0.8235482092326301, 
                    -1.5707963267948966
                ], 
                "aubo_data_num_4": [
                    0.7472481175622665, 
                    -1.3013779319130965, 
                    1.715886065707405, 
                    3.0172639976205016, 
                    0.8235482092326301, 
                    -1.5707963267948966
                ],